page,status,score,issues
/404,FAIL,0,"Missing or empty <title> | Missing <meta name=""description""> | Missing <link rel=""canonical""> | Contains <meta name=""robots"" content=""noindex""> | Missing meta property=""og:title"" | Missing meta property=""og:description"" | Missing meta property=""og:url"" | Missing meta property=""og:type"" | Missing meta name=""twitter:card"" | Missing meta name=""twitter:title"" | Missing meta name=""twitter:description"""
/googlec257c31c246db1c1,FAIL,0,"Missing or empty <title> | Missing <meta name=""description""> | Missing <link rel=""canonical""> | Missing meta property=""og:title"" | Missing meta property=""og:description"" | Missing meta property=""og:url"" | Missing meta property=""og:type"" | Missing meta name=""twitter:card"" | Missing meta name=""twitter:title"" | Missing meta name=""twitter:description"" | No JSON-LD structured data found | HTML appears very small; check server-rendering"
/404/,FAIL,0,"Missing or empty <title> | Missing <meta name=""description""> | Missing <link rel=""canonical""> | Contains <meta name=""robots"" content=""noindex""> | Missing meta property=""og:title"" | Missing meta property=""og:description"" | Missing meta property=""og:url"" | Missing meta property=""og:type"" | Missing meta name=""twitter:card"" | Missing meta name=""twitter:title"" | Missing meta name=""twitter:description"""
/,PASS,100,
/about/,PASS,100,
/contact/,PASS,100,
/donate/,PASS,100,
/explore/,PASS,100,
/itihasa/,PASS,100,
/our-cookie-policy/,FAIL,16,"Missing or empty <title> | Missing <meta name=""description""> | Missing <link rel=""canonical""> | Missing meta property=""og:title"" | Missing meta property=""og:description"" | Missing meta property=""og:url"" | Missing meta property=""og:type"" | Missing meta name=""twitter:card"" | Missing meta name=""twitter:title"" | Missing meta name=""twitter:description"""
/our-privacy-policy/,FAIL,16,"Missing or empty <title> | Missing <meta name=""description""> | Missing <link rel=""canonical""> | Missing meta property=""og:title"" | Missing meta property=""og:description"" | Missing meta property=""og:url"" | Missing meta property=""og:type"" | Missing meta name=""twitter:card"" | Missing meta name=""twitter:title"" | Missing meta name=""twitter:description"""
/post-deploy-audit/,FAIL,16,"Missing or empty <title> | Missing <meta name=""description""> | Missing <link rel=""canonical""> | Missing meta property=""og:title"" | Missing meta property=""og:description"" | Missing meta property=""og:url"" | Missing meta property=""og:type"" | Missing meta name=""twitter:card"" | Missing meta name=""twitter:title"" | Missing meta name=""twitter:description"""
/privacy-policy/,PASS,100,
/terms-of-service/,PASS,100,
/puranas/,PASS,100,
/upanishads/,PASS,100,
/vedas/,PASS,100,
/vedic-philosophy/,PASS,100,
/_not-found/,FAIL,0,"Missing or empty <title> | Missing <meta name=""description""> | Missing <link rel=""canonical""> | Contains <meta name=""robots"" content=""noindex""> | Missing meta property=""og:title"" | Missing meta property=""og:description"" | Missing meta property=""og:url"" | Missing meta property=""og:type"" | Missing meta name=""twitter:card"" | Missing meta name=""twitter:title"" | Missing meta name=""twitter:description"""
/vedic-science/,WARN,72,"Missing <meta name=""description""> | Missing meta property=""og:description"" | Missing meta name=""twitter:description"""
/itihasa/bhagavadgita/,FAIL,16,"Missing or empty <title> | Missing <meta name=""description""> | Missing <link rel=""canonical""> | Missing meta property=""og:title"" | Missing meta property=""og:description"" | Missing meta property=""og:url"" | Missing meta property=""og:type"" | Missing meta name=""twitter:card"" | Missing meta name=""twitter:title"" | Missing meta name=""twitter:description"""
/itihasa/mahabharata/,FAIL,16,"Missing or empty <title> | Missing <meta name=""description""> | Missing <link rel=""canonical""> | Missing meta property=""og:title"" | Missing meta property=""og:description"" | Missing meta property=""og:url"" | Missing meta property=""og:type"" | Missing meta name=""twitter:card"" | Missing meta name=""twitter:title"" | Missing meta name=""twitter:description"""
/upanishads/aitareya/,PASS,100,
/upanishads/brihadaranyaka/,PASS,100,
/upanishads/chandogya/,PASS,100,
/upanishads/katha/,PASS,100,
/upanishads/kena/,PASS,100,
/upanishads/isha/,PASS,100,
/upanishads/kaushitaki/,PASS,100,
/upanishads/maitri/,PASS,100,
/upanishads/mandukya/,PASS,100,
/upanishads/mundaka/,PASS,100,
/upanishads/prashna/,PASS,100,
/upanishads/shvetashvatara/,PASS,100,
/upanishads/taittiriya/,PASS,100,
/vedas/atharvaveda/,PASS,100,
/vedas/rigveda/,PASS,100,
/vedas/samaveda/,PASS,100,
/vedas/yajurveda/,PASS,100,
/itihasa/ramayana/,FAIL,16,"Missing or empty <title> | Missing <meta name=""description""> | Missing <link rel=""canonical""> | Missing meta property=""og:title"" | Missing meta property=""og:description"" | Missing meta property=""og:url"" | Missing meta property=""og:type"" | Missing meta name=""twitter:card"" | Missing meta name=""twitter:title"" | Missing meta name=""twitter:description"""